{
  "author": "Paddy",
  "name": "ValheimPluginTemplate",
  "description": "A BepInEx Plugin Template for Valheim, configured for debugging in editor via Rider",
  "identity": "BepInEx.ValheimTemplate.CSharp",
  "shortName": "ValheimTemplate",
  "tags": {
    "language": "C#",
    "type": "project"
  },
  "sourceName": "MyProject",
  "symbols": {
    "Framework": {
      "type": "parameter",
      "description": "The target framework for the project.",
      "datatype": "choice",
      "choices": [
        {
          "choice": ".NETFramework v4.6.2"
        },
        {
          "choice": ".NETFramework v4.7.2"
        },
        {
          "choice": ".NETFramework v4.8"
        }
      ],
      "defaultValue": ".NETFramework v4.6.2"
    }
  }
}